"policy_id"	"policy_name"	"policy_start"	"policy_end"
"aboldeapen"	"Death Penalty Reform"	1846	1969
"aborparc"	"1-parent Consent for Abortion by a Minor "	1981	1999
"aborparn"	"1-parent Notification for Abortion by a Minor "	1981	2000
"aborpreroe"	"Abortion pre-Roe"	1966	1972
"abortion_consent_1973_199"	"Does The State Mandate Counseling Before An Abortion (Pre-Casey)?"	1973	1991
"abortion_consent_1992_201"	"Does The State Mandate Counseling Before An Abortion (Post-Casey)?"	1992	2014
"abortion_medicai"	"Does The State'S Medicaid System Pay For Abortions?"	1981	2014
"abortion_partial_birt"	"Does The State Ban Late-Term Or Partial Birth Abortions?"	1996	2000
"abortion_reform_prero"	"Did The State Allow Abortion Before Roe V. Wade?"	1967	1973
"absvot"	"Unrestricted Absentee Voting"	1960	2003
"acctlic"	"Accountants Licensing"	1896	1973
"adawork"	"State Passes Work Requirements For Eligibility Of Ada/Afdc"	1950	1967
"adc"	"Aid to Dependent Children (Social Sec.)"	1936	1955
"adcom"	"Advertising Commissions"	1925	1939
"admittpriv"	"Requirement That Clinics Must Have Admitting Priveleges"	2011	2013
"adoptionact19531969"	"Act Regulating Adoption Requirements And Standards"	1971	1977
"adoptionact1994"	"Act Regulating Adoption Requirements And Standards"	1996	1996
"adultguardianshipandprotectiveproceedingsjurisdictionact"	"Mechanism For Multi-State Guardianship Disputes"	2008	2017
"advertban"	"Banning Of Cigarette Advertising"	1989	2001
"afdc_u"	"What Is The Average Level Of Benefits Under The Aid For Families With Dependent Children Program?"	1961	1990
"aging"	"Strategic Planning for Aging"	1974	1991
"agreementondetainers"	"Facilitates Disposition Of Charges Against A Prisoner"	1951	1981
"agreementonqualificationsofeducationalpersonnel"	"Facilitates Moevment Of Education Professionals Across States"	1962	1988
"aidperm"	"Aid to Permanently/Totally Disabled"	1950	1969
"airpol"	"Air Pollution Control"	1907	1993
"alcbevcon"	"Alcoholic Beverage Control"	1926	1980
"alcoholismandintoxicationtreatment"	"Legal Framework For Public Intoxication Law"	1972	1975
"alctreat"	"Alcoholic Treatment Agency"	1943	2002
"allpass_seatbelt"	"Requiring All Passengers To Wear A Seatbelt"	1985	2007
"amber"	"Alerts Abduction Of A Minor"	1999	2004
"anatomicalgift1968"	"Sets Framework For The Donation Of Organs And Other Body Parts"	1970	1971
"anatomicalgiftact1987"	"Framework For Donation Of Organs Other Body Parts"	1988	2003
"anatomicalgiftact2006"	"Framework For Donation Of Organs Other Body Parts"	2007	2013
"animcruel"	"Animal Cruelty Felony Laws"	1804	2003
"anim_cruel_felonfirs"	"Is Animal Cruelty A Felony On The First Offense?"	1935	2014
"antiage"	"Anti-Age Discrimination"	1903	1975
"antibully"	"Anti-Bullying Program"	1999	2015
"antiinj"	"Anti-Injunction Laws"	1913	1939
"antimis"	"Antimiscegenation law"	1691	1913
"antishack"	"Prohibits Shackling Inmates In Labor Or Recovery"	1999	2005
"antistalk"	"Prohibition Of Harassment And Intimidation"	1990	1995
"anti_discrimination"	"Anti-Descrimination Law (Later Updated In 1995 Law)"	1968	1970
"anyactnot"	"Any Active Notification About Sex Offenders"	1995	2006
"anyid2"	"Request Any Id"	1972	2013
"anyphotoid2"	"Any Photo Id Voting Requirement"	1972	2013
"apology"	"Physician Apology Protection Laws"	1986	2013
"appalachianstateslow_levelradioactivewastecompact"	"Aids In Disposate Of Low-Level Radioactive Waste"	1985	1986
"appointmentofcommissioners"	"Creates Commision On Uniform State Laws, And Procedure To Appoint Commissioners"	1921	2011
"arbitrationact1956"	"Provides Judicial Facilitation Of Private Dispute Resolution"	1968	1987
"arbitrationact2000"	"Provides Judicial Facilitation Of Private Dispute Resolution"	2001	2013
"archlic"	"Architects Licensing"	1897	1978
"article1oftheuniformbusinessorganizationscodeubochub2011lastamended2013"	"Harmonizes The Language Of All Of The Uniform Unincorporated Entity Acts "	2013	2015
"arts"	"Council on the Arts"	1936	1980
"assignmentofrentsact"	"Establishes A Comprehensive Statutory Model For The Creation, Perfection, And Enforcement Of Security Interests In Rents."	2007	2013
"athleteagentsact"	"Governs Relations Among Student Athletes, Athlete Agents, And Educational Institutions"	2001	2010
"athleteagentsact2015"	"Revision Of Previous Law- Expands Definition Of Student And Athlete"	2016	2017
"atlanticstatesmarinefisheriescompact"	"Creates Commission To Better Utilize Atlantic Fisheries"	1940	1981
"attendanceofoutofstatewitnesses"	"Provides States With Statutory Authority To Secure The Attendance Of A Witness From Without The State In Which The Criminal Proceeding Or Grand Jury Proceeding Is Pending."	1931	1977
"audio_visualdeposition"	" Permit Audio-Visual Means For Taking Depositions."	1980	1984
"ausbalsys"	"Australian Ballot System"	1878	1970
"autism"	"Requirement That Insurance Provide Or Offer Some Autism Coverage"	1999	2012
"autoreg"	"Automobile Registration"	1901	1977
"autosaf"	"Automobile Safety Compact"	1959	1971
"banfaninc"	"Ban on Financial Incentives for Doctors to Perform Less Costly Procedures/Prescribe Less Costly Drugs"	1996	2001
"bangag"	"Prohibits Agreements that Limits a Doctors Ability to Inform Patients of All Treatment Options"	1975	1999
"barbanstate"	"Full Smoking Ban In Bars "	1980	2010
"beaulic"	"Beauticians Licensing"	1914	1980
"bikehelmet"	"Requiring Helmet For Riding Bike"	1989	2007
"bldstds_yearadopted"	"Environmental Building  Standards"	1991	2008
"blind"	"Aid to the Blind (Social Security)"	1936	1982
"boehmke_snrpres"	"Does The State Provide Pharmaceutical Coverage Or Assistance For Seniors Who Do Not  Qualify For Medicaid?"	1975	2001
"boh"	"Board of Health"	1869	1959
"bootcamp"	"Short-Term Programs For Incarcerated Youth (Similar To Military School)"	1982	1999
"bottle"	"Bottle Deposit Law"	1971	2002
"bradycamp"	"Child Access to Guns Protection Law"	1989	2000
"breastdensity"	"Breast Density Notification Acts"	2009	2013
"breastfeed"	"Allows Public Breastfeeding"	1993	2009
"broadcom"	"State Law Requiring Broad Community Notification of Sex Offenders "	1990	1997
"budgstd"	"Budgeting Standards"	1859	1926
"buildingcode"	"Building Codes"	1953	2010
"businessorganizationscode"	"Creates Statutory Structure For Organizing Business And Nonprofit Entitites"	2013	2015
"bustaxationprorationandreciprocityagreement"	"System For Bus Fleet Owners To Pro-Rate Mileage In Multiple States"	1965	1983
"candlim"	"Candidate Campaign Limit"	1992	2013
"cappun"	"Capital Punishment"	1972	1982
"casinoleg"	"Legalization Of Commercial Casinos"	1931	2004
"ccb"	"Community College Bachelor'S Degree"	1989	2006
"ccreceipt"	"Restrictions on Displaying Credit Card Numbers on Sales Receipts "	1999	2008
"cctheft"	"Laws Regulating Punishment And Protection Of Credit Card Theft"	1961	1999
"cent"	"Centralization Of Tuition Control"	1985	2005
"certificateoftitleforvesselsact"	"Regulating Titles For Vehicles"	2013	2015
"certificationofquestionsoflaw1967"	"Empowers Court To Answer Questions Certified To It By A Federal Court, Appellate, Another State, Or Canada And Mexico"	1970	1993
"certificationofquestionsoflaw1995"	"Any Jurisdiction'S Own Courts Should Always Rule Upon A Point Of That Jurisdiction'S Common Law."	1987	2000
"chartersch"	"Charter Schools"	1991	1996
"childabductionprevention"	"Provides States With Tools To Prevent Child Abduction"	2007	2015
"childabu"	"Child Abuse Reporting Legislation"	1963	1967
"childabuse"	"Requirement Of Professionals To Report Cases Of Suspected Abuse"	1963	1967
"childcustodyjurisdictionandenforcementact"	"Regulating Child Custody Laws"	1970	2005
"childlab"	"Child Labor Standards"	1901	1969
"childpornography"	"State Ban Of Child Pornography"	1974	2001
"childrest"	"Child Passenger Restraint Mandate Law"	1981	1984
"childseat"	"Child Seatbelt Requirement"	1981	1984
"childwitnesstestimonybyalternativemethodsact"	"Allows Children Witnesses To Provide Testimony By Alternate Methods"	2003	2011
"chirolic"	"Chiropractors Licensing"	1899	1949
"cigtax"	"Cigarette Tax"	1921	1964
"citzon"	"Zoning in Cities - Enabling Legislation"	1913	1957
"civildefenseanddisastercompact"	"Bilateral/Mutual Aid For Disasters"	1951	1978
"civinjaut"	"Civil Injunction Authority"	1998	2001
"classactions"	" Provides Complete Procedures To Govern The Conduct Of A Class Action Law Suit."	1977	1980
"clinic_access"	"No-Protest Zone Around The Clinic"	1973	2005
"cogrowman"	"Planning Laws Requiring Loc/Reg Planners to Coordinate Growth Management Plan Developments"	1961	1998
"colcanscr"	"Colorectal Cancer Screening"	1991	2007
"collaborativelawact"	"Regulates The Use Of Collaborative Law, A Form Of Alternative Dispute Resolution."	2010	2017
"collateralconsequencesofconvictionact"	" Addresses The Penalties And Disqualifications That Individuals Face Incidental To Criminal Sentencing."	2014	2014
"collegesavings"	"College Savings Plan"	1988	2002
"coloradorivercompact"	"Apportions Colorado River"	1922	1944
"comage"	"Committee on the Aged"	1945	2003
"commercialcasino"	"Legalization Of Commercial Casinos"	1931	2009
"commercialrealestatereceivershipact"	"Provides A Standard Set Of Rules For Courts To Apply For Real Estate Recievership"	2017	2017
"commoninterestownersbillofrights"	" Governs The Formation, Management, And Termination Of Common Interest Communities"	2010	2010
"commoninterestownershipact1982"	" Governs The Formation, Management, And Termination Of Common Interest Communities"	1983	1993
"commoninterestownershipact1994"	" Governs The Formation, Management, And Termination Of Common Interest Communities"	1995	1998
"commoninterestownershipact2008"	" Governs The Formation, Management, And Termination Of Common Interest Communities"	2009	2010
"compactforeducation"	"System For Transferring Professional Education Employees' Pension"	1965	2001
"compactonadoptionandmedicalassistance"	"Provides All The Benefit Of Adoption Subsidy Agreement, Regardless Of State"	1984	2002
"compactonmentalhealth"	"Provides For Care Of Mentally Retarded Persons Regarless Of Residence Requirements"	1955	1989
"compactonplacementofchildren"	"Ensures Protection And Servies To Children Placed Across States"	1960	1990
"compcrime"	"Punishing Hacking"	1978	2000
"compsch"	"Compulsory School Attendance"	1852	1996
"computerinformationtransactionsact"	"Contract Law To Regulate Transactions In Computer Information Products"	2000	2000
"comsrv12"	"Mandated Community Service After 1St Or 2Nd Offense"	1982	2005
"comsrvdy"	"Mandated Community Service After 1St Dui"	1987	2005
"conacchwy"	"Controlled Access Highways"	1937	1960
"concealedcarry"	"State Permit For Conceal And Carry"	1975	2001
"condominiumact"	"Provisions For Creation, Management, And Termination Of Condominium Associations"	1980	2010
"conflictsoflaws_limitationsact"	"Applying Limitations Periods Chosen By Conflict Of Laws"	1983	2006
"connecticutriveratlanticsalmoncompact"	"Promotes Restoration Of Atlantic Salmon To Connecticut River Basin"	1979	1981
"conservationeasementact"	"Creation Of Permanent Easements On Real Property For Conservation And Historic Preservation Purposes"	1982	2006
"consgsoil"	"Conservation of Gas and Oil"	1892	1948
"const_protect"	"The State Constitution Protects Access To Abortion"	1981	2002
"consumercreditcode"	" Provides Standards For Credit Transactions Entered Into By Individuals Who Purchase, Use, Maintain, And Dispose Of Products And Services."	1969	1985
"consumerleasesact"	"Assure That Meaningful And Accurate Disclosure Of Lease Terms Is Provided To Consumers Before Entering Into A Contract"	2002	2002
"consumersalespractices"	"Crystallize The Best Elements Of Contemporary Federal And State Regulation Of Consumer Sales Practices"	1972	1973
"continsurance"	"Mandates Contraception Coverage By Insurance"	1996	2010
"contrains"	"Insurers That Cover Prescription Drugs Cannot Exclude FDA-Approved Contraceptives "	1996	2007
"controlledsubstancesact"	"Drug Policy Under Which The Manufacture, Importation, Possession, Use And Distribution Of Certain Substances Is Regulated"	1971	1992
"contr_eq"	"Contraceptive Equality"	1998	2010
"corporateeff_yearadopted"	"Corporate Incentives"	1990	2008
"corporaterenew_yearadopted"	"Tax Credits For Renewable Technologies"	1990	2008
"corporlimits"	"Limits Onf Corporate Campaign Spending In Statae"	1992	2000
"correct"	"Strategic Planning for Corrections "	1970	1991
"correctionorclarificationofdefamation"	"Timely Request For A Correction Or Clarification From The Publisher Of A Defamation In Order To Maintain An Action For Defamation."	1995	2013
"cpban"	"Bans Child Pornography"	1974	2003
"credfreez"	"Limits Credit Agencies from Issuing a Credit Report without Consumer Consent"	2001	2006
"creditcardtheft"	"Credit Card Theft Regulation"	1973	1999
"crimeviccomp"	"State Programs To Compensate Victims Of Crimes"	1965	1992
"crtadm"	"Court Administrators"	1937	1965
"custodialtrustact"	"Establishes  A Legal Structure For Organizing The Ownership And Management Of Property For Its Preservation On Behalf Of Specified Individuals"	1988	2010
"cyberstalk"	"Cyberstalking Definition and Penalty"	1998	2001
"damagereduce"	"Presence Of A Law That Decreases Monetary Awards For Injuries In Law Suits For Seatbelt Nonuse"	1984	1995
"damremov"	"Removal Of River Dam"	1967	1999
"deaf"	"School for the Deaf"	1822	1921
"deathpen"	"Post-Supreme Court Reenactment Of Death Penalty"	1972	1995
"debtlim"	"Debt Limitation"	1842	1936
"debt_managementservices2011"	" Governing National Administration Of Debt Counseling And Management In A Fair And Effective Way."	2012	2012
"debt_managementservicesact2005"	" Governing National Administration Of Debt Counseling And Management In A Fair And Effective Way."	2006	2011
"deceptivetradepracticesact1964"	"Prohibit Unfair Or Deceptive Trade Practices And Unfair Competiton"	1968	1973
"declaratoryjudgmentsact"	"Authorizes Courts To Adjudicate Actual Controversies Concerning Legal Rights And Duties Even Though Traditional Remedies For Damages Or Equitable Relief Are Not Available. "	1922	2008
"delawareriverbasincompact"	"Commission For Bridges Between Nj And Pa"	1961	1961
"denlic"	"Dentists Licensing"	1868	1980
"deployedparentscustodyandvisitationact"	"Addresses Issues Of Child Custody And Visitation That Arise When Parents Are Deployed In Military Or Other National Service."	2013	2016
"determinationofdeathact"	"Sets Medial Standards For Determining Death"	1981	2014
"dev_s1"	"Comprehensive Remediation Reform"	1988	2009
"dev_s10"	"Delivery Of Remediation"	1988	2009
"dev_s2"	"Accountability (Such As Reporting Rates Of Enrollment And Outcomes, Performance Based Funding)"	1996	2009
"dev_s3"	" Finacial Support Or Reduction Of The Support For Remediation (Cost)"	2006	2009
"dev_s4"	"Access To College Placement Exams And Remediation Before College"	1978	2009
"dev_s5"	"Placement Policies (Placement Examination, Changes To Placement Criteria"	1997	2008
"dev_s6"	"Remedial Credits Counting Toward Financial Aid"	2004	2008
"dev_s7"	"Remedial Credits Counting Or Non-Counting Towards Graduation And Full-Time Status"	1989	2008
"dev_s8"	"  Remediation Expanded Or Limited To Certain Sectors Of Higher Education"	1996	2006
"dev_s9"	"  Limits For Remediation (Time, Credit Hours, Etc) And Punishment Of Unseccessful Students In The Developmental Education"	1996	2008
"dirdem"	"Initiative/Referendum "	1898	1972
"dirprim"	"Direct Primary"	1901	1970
"disclaimerofpropertyinterestsact"	"Allow Every Sort Of Disclaimer, Including Those That Are Useful For Tax Planning Purposes."	2000	2015
"disclaimerofpropertyinterestsact1973"	"Allow Every Sort Of Disclaimer, Including Those That Are Useful For Tax Planning Purposes."	1974	1995
"discoveryofelectronicallystoredinformationrulesrelatingto"	" Rules For The Discovery Of Electronic Documents In Civil Cases. "	2009	2011
"discrenot"	"Notification Of Sex Offenders Is At Authority'S Discretion"	1995	2006
"dispositionofcommunitypropertyrightsatdeathact1971"	"Preserves The Rights Of Each Spouse In Property That Was Community Property Before The Spouses Moved To The Non-Community Property State,"	1973	2013
"divisionofincomefortaxpurposes"	"Divides Income Between States For Tax Purposes When Living/Working In Multiple States"	1950	1997
"dnafelon"	"Dna Collection Of All Convicted Felons"	2000	2004
"dnaforexon"	"Post-Conviction Exoneration Using Dna Evidence"	1997	2008
"dormantmineralinterestsactmodel"	"Ownership Of Real Estate Means Ownership Of Interests And Rights In An Actual Piece Of Geography."	1987	1987
"driverlicensecompact"	"System For States To Exchange License Suspension/Violation Between States"	1961	1996
"drugs_boehmke_statrapag"	"Does A State Adopt An Age Span Provision Into Its Statutory Rape Law Which Effectively Decriminalizes Sexual Activity Between Similar-Aged Teens?"	1950	1998
"drugs_boehmke_zeroto"	"Does The State Have A Zero Tolerance Law For Blood Alcohol Levels <0.02 For Individuals Under Age 21?"	1983	1995
"drugs_marijuana_decriminalizati"	"Is Marijuana Possession A Criminal Act?"	1973	2014
"drugs_medical_marijuan"	"Is It Legal To Use Marijuana For Medical Purposes?"	1996	2014
"drugs_smoking_ban_restaurant"	"Does The State Ban Smoking In Restaurants?"	1995	2014
"drugs_smoking_ban_workplace"	"Does The State Ban Smoking In All Workplaces?"	1995	2014
"drugtest"	"Workplace Drug Testing"	1987	1997
"dual_enroll"	"Allowed To Enroll In College While In High School"	1976	2005
"dui"	"Establishes Drunk Driving Threshold Of .08 Blood Alcohol Level"	1983	2004
"dui08"	"08 per se penalty for DUI"	1983	2001
"durablepowerofattorney"	"Establishes Power Of Attorney For Medical Care And Finances"	1980	2009
"dutiestopersonswithmedicaliddevices"	"Provide For A Minimum Level Of Duty Toward Persons In An Unconscious State"	1973	1978
"dwireform"	"State Reform For Driving Intoxication Limits"	1983	2002
"earlvot"	"In-Person Early Voting"	1970	2002
"earned_income_taxcredi"	"Does The State Have An Earned Income Tax Credit?"	1988	2014
"econdev"	"Strategic Planning for Economic Development"	1981	1992
"education"	"Strategic Planning for Education "	1970	1991
"education_corporal_punishment_b"	"Does The State Ban Corporal Punishment In Schools?"	1970	2014
"education_teacher_cert_elementa"	"In What Year Does The State Require Elementary School Teachers To Hold A Degree?"	1930	1961
"education_teacher_cert_h"	"In What Year Does The State Require High School Teachers To Hold A Degree?"	1896	1960
"edutv"	"Educational Television"	1951	1966
"elecdayreg"	"Election Day Registration "	1974	1994
"elecdereg"	"Electricity Deregulation "	1996	1999
"electroniclegalmaterialact"	"Establishes An Outcomes-Based, Technology-Neutral Framework For Providing Online Legal Material With The Same Level Of Trustworthiness Traditionally Provided By Publication In A Law Book"	2012	2017
"electronicrecordationofcustodialinterrogations"	"Improve The Fairness And Professionalism Associated With Electronic Recordings."	2011	2014
"electronictransactionsact"	"Establishes The Legal Equivalence Of Electronic Records And Signatures With Paper Writings And Manually-Signed Signatures"	1999	2009
"emcont_avail"	"Requires Availability Of Emergency Contraception"	1997	2009
"emergencymanagementassistancecompact"	"Establishes System For Licensing Emergency Personell"	1995	2014
"emergencyvolunteerhealthpractitioners"	"Allows State Governments During A Declared Emergency To Give Reciprocity To Other States' Licensees On Emergency Services Providers"	2007	2016
"eminentdomaincode"	"Regulating Condemnation Of Property On Behalf Of Private And Public Entities"	1985	1985
"eminentscholar"	"State Eminant Scholar Policy"	1983	2007
"enforcementofforeignjudgmentsact"	"Provides A Simplified Way Of Enforcing Judgments Entered In Another State, "	1953	1997
"englic"	"Engineers Licensing"	1908	1972
"engonly"	"English Only Law"	1811	2007
"enterzone"	"State Enterprise Zones"	1981	1992
"entitytransactionsactmodel2007lastamended2013"	"Allow Conversion Of One Kind Of Business Organization To Another, Or The Merger Of Two Or More Business Organizations Into One Organization"	2007	2015
"environ"	"Strategic Planning for Environmental Protection"	1978	1991
"environmentalcovenantsact"	"Provides Clear Rules For A Perpetual Real Estate Interest   An Environmental Covenant   To Regulate The Use Of Brownfields When Real Estate Is Transferred From One Owner To Another."	2004	2010
"environment_air_pollution_contr"	"Does The State Have An Air Pollution Control Act (Pre-Clean Air Act)?"	1947	1967
"environment_bottlebil"	"Does The State Require A Deposit On Bottles Paid By The Consumer And Refunded When The Consumer Recycles?"	1970	2014
"environment_ca_car_emissions_st"	"Does The State Adopt California'S Car Emissions Standards (Which Are More Stringent Than The Federal Level)?"	2003	2012
"environment_electronic_wast"	"Does The State Have A Recycling Program For Electronic Waste?"	2000	2014
"environment_ghg_ca"	"Does The State Have A Binding Cap On Greenhouse Gas Emissions In The Utility Sector?"	2006	2014
"environment_publicbenefit_fund"	"Does The State Have A Public Benefit Fund For Renewable Energy And Energy Efficiency?"	1996	2014
"environment_state_nepa"	"Does The State Have Its Own Version Of The Federal National Environmental Policy Act?"	1969	2014
"eqrightam"	"Equal Rights Amendment Pertaining To Women'S Rights"	1890	1976
"equalpay"	"Equal Pay For Females"	1919	1966
"estatetaxapportionmentandprobatecode3_916"	"Regulated Apportionment Of Assets Of The Deceased "	1972	2011
"estate_ta"	"Is There A State Estate Tax?"	2009	2014
"ewaste"	"State E-Waste Disposal Programs"	2003	2011
"exemptionsactmodel"	"Bankrupcy Law"	1982	1982
"expsta"	"Agricultural Experiment Stations"	1887	1901
"extraditionandrenditionactmodel"	"Provides Two Separate Procedures To Be Used For The Retrieval Of Wanted Persons Found In Another State"	1985	1985
"facsimilesignaturesofpublicofficials"	"Permits The Use Of Facsimile Signatures By Public Officials Whose Signature To A Public Security Or Instrument Of Payment Is Required Or Permitted."	1958	1999
"fairemp"	"Fair Employment Laws"	1945	1964
"fairtrade"	"Fair Trade Laws"	1931	1969
"faithfulpresidentialelectorsact"	"Require Delegates In Electoral College To Vote In Accordance With Voters"	2011	2015
"famcap"	"Family Cap Exemptions"	1992	1998
"famlim"	"Limit On Family Campaign Contributions"	1992	2002
"federallienregistrationact"	"Allows Federal Tax Liens To Be Filed In An Office Designated By The Law Of The State In Which The Property Subject To The Lien Is Situated. "	1968	1998
"fetaldispos"	"Disposal Of Fetal Remains"	1980	2013
"fetalheart"	"Bans Abortion After Fetal Heartbeat"	2013	2013
"fetalhomic"	"Establishing Fetal Personhood"	1970	2013
"fetalpain"	"Requires Anesthetic For Fetus For Abortions"	2011	2013
"fhpriv"	"Fair Housing - Private Housing"	1959	1965
"fhpub"	"Fair Housing - Public Housing"	1937	1961
"fhurb"	"Fair Housing - Urban Renewal Areas"	1945	1963
"fiduciaryaccesstodigitalassetsact2014"	"Extendes Power Of Fiduciary"	2014	2014
"fiduciaryaccesstodigitalassetsactrevised2015"	"Extends Power Of Fiduciary- Revision Of 2014 Law Only Passed By Delaware"	2016	2017
"filmtaxcredit"	"Film Tax Credits"	1992	2009
"fish"	"Fish Agency"	1864	1985
"foca"	"Codifies Roe V Wade In State"	1973	2006
"foia"	"Open Records/Freedom of Information Acts "	1851	2003
"foreignmoneyclaimsact"	"Provides The Rules For Fair Conversions Of Foreign Money Judgments Into Dollar Amounts"	1989	2010
"foreignmoneyjudgmentsrecognitionact"	"Provides For Enforcement Of A State Court Judgment In Another State To Implement The Full Faith And Credit Clause Of The U.S. Constitution"	1963	2003
"foreign_countrymoneyjudgmentsrecognitionact"	"Makes It Clear That A Judgment Entitled To Full Faith And Credit Under The U.S. Constitution Is Not Enforceable Under This Act"	2007	2017
"forest"	"Forest Agency"	1885	1978
"fraudulenttransferact1984"	"Provides A Credity With Means"	1985	2015
"frontpass_seatbelt"	"Requiring Front Passengers To Wear Seatbelts"	1985	1995
"fundslife"	"Bans Public Funding To Be Used For Abortion"	1977	1990
"fundslifehea"	"Bans Funding, But With More Exceptions"	1985	2002
"funds_avail"	"Requires Contraceptive Equality"	1982	1995
"furlough"	"Releasing Inmates Daily For Purpose Of Employment "	1967	1997
"furprog"	"Allows Prisoners To Work Outside Of Prison During Incarceration"	1973	1997
"gagrule"	"Public Employees Can'T Provide Information On Abortion"	1991	2010
"gambling_casino"	"Does The State Allow Casinos?"	1977	2012
"gambling_lottery_adoptio"	"Does The State Have A Lottery?"	1964	2014
"gap"	"Pharmacists Are Not Allow To Deny Precriptions"	2005	2009
"gastax"	"State Gas Tax"	1919	1929
"gayhate"	"Laws Establishing Anti-Lgbt Hate Crimes"	1989	2005
"gaymarban"	"Constitutional Amendment Banning Gay Marriage"	1994	2008
"gayrights_ban_sodom"	"Does The State Ban Sodomy? "	1962	2003
"gayrights_civilunion"	"Does The State Allow For Civil Unions?"	2000	2012
"gayrights_hatecrime"	"Are Lgbt Hate Crimes Explicitly Illegal?"	1999	2014
"gayrights_marriag"	"Does The State Allow Gay Marriages?"	2000	2012
"gay_employment_discrim_genderi"	"Does State Ban Employment Discrimination On The Basis Of Gender Identity?"	1982	2014
"gdl"	"State Graduated Drivers Licensing Program "	1996	2009
"genderrights_era_ratificatio"	"Has The State Ratified The Equal Rights Amendment?"	1972	2014
"genderrights_gender_discriminat"	"Does The State Ban Hiring Discrimination On The Basis Of Gender?"	1961	1964
"genderrights_gender_equal_pa"	"Does The State Have A Law Providing For Equal Pay For Women Working In The Same Job?"	1935	1972
"genderrights_nofault_divorc"	"Do States Have A No-Fault Divorce Policy?"	1966	2014
"genderrights_state_era"	"Has The State Passed A State-Level Equivalent To The Equal Rights Amendment?"	1971	2014
"gender_disc_laws_post196"	"Does The State Ban Hiring Discrimination On The Basis Of Gender (Post-1964)"	1965	2014
"giexorder"	"Executive Order On Gender Discrimination"	1999	2011
"gilaw"	"Law On Gender Discrimination"	1993	2013
"goodsam911"	"Good Samaritan Protection For Reporting Overdose"	2007	2013
"governance_reform"	"Restructuring Of State Higher Education Governanc Estructures"	1985	2001
"grandvist"	"Grandparents Visitation Rights"	1964	1987
"greatlakesbasincompact"	"Commission For Regional Management Of Great Lakes"	1955	1965
"greatlakes_st.lawrenceriverbasinwaterresourcescompact"	"Bring States Together To Manage Great Lakes/St Lawrence River"	2007	2008
"guardianshipandprotectiveproceedingsact1997"	"Procedures On The Appintment And Guardians Of Conservators Of Minors"	1987	2010
"guncontrl_bc_private_handgu"	"Does The State Require Background Checks For Private Handgun Sales?"	1935	2014
"guncontrl_bc_private_rifl"	"Does The State Require Background Checks For Private Rifle Sales?"	1935	2014
"guncontrl_waitperiod_handgu"	"Is There A Waiting Period After Handgun Sales?"	1935	2014
"guncontrol_assaultweapon_ba"	"Is There A Waiting Period After Assault Weapon Sales?"	1989	2014
"guncontrol_licenses_dealer"	"Does The State Have Any License Requirements For Manufacturers Or Dealers?"	1935	2014
"guncontrol_opencarr"	"Does The State Have Open Carry Laws?"	1961	2014
"guncontrol_satnightspecial_ba"	"Does The State Ban ``Saturday Night Special"" Handguns?"	1974	2013
"harass"	"Harassment Crime"	1998	2001
"hatecrime"	"State Hate Crime Laws"	1978	1994
"hatecrimes"	"Does The State Explicitly Have Hate Crime Legislation?"	1978	2002
"hazing"	"Laws Banning Hazing"	1969	2004
"health"	"Strategic Planning for Health Services"	1985	1991
"healthcarecompact"	"Restores Authority For Health Care Regulation To The States"	2011	2014
"health_caredecisionsact"	"Provides Right To Refuse Treatment"	1995	2005
"health_careinformationact"	"Provides For Confidentiality Of A Patient'S Helath Care Records"	1987	1991
"helmetlaw_17"	"Motorcyclists 17 And Under Required To Wear A Helmet"	1980	2006
"helmetlaw_learn"	"Those With Instructional Permits Or License Less Than Year Old Required To Wear Helmet On Motorcycle"	1980	2006
"helmetlaw_pass"	"Helmet Required For Motorcycle Passenger"	1980	2007
"higissue"	"Guranteed Issue of Health Insurance"	1990	1994
"higrenew"	"Guranteed Renewal of Health Insurance"	1990	1995
"hiport"	"Health Insurance Portability"	1990	1995
"hiprecon"	"Health Insurance Preexisting Conditions Limits"	1990	1994
"hmomod1"	"Health Maintenance Organization Model Act (First)"	1973	1988
"hmomod2"	"Health Maintenance Organization Model Act (Second)"	1989	1995
"homerul"	"Municipal Home Rule"	1875	1985
"hostliability"	"Laws Impose Liability Against Hosts Of Underage Drinking Events"	1998	2009
"hsexit"	"High School Exit Exams"	1976	1999
"humantraffic"	"Human Trafficking Law"	2003	2008
"humrel"	"Human Relations Commission"	1945	1993
"hwyagen"	"Highway Agency"	1893	1963
"idas"	"Individual Development Accounts"	1993	2001
"ide"	"Ban On Intact Dilation And Extraction"	1995	2000
"identitytheft"	"State Identify Theft Protection Program"	1996	2001
"idtheft"	"ID Theft Protection"	1996	2001
"imcontsub"	"Outlaws Making And Selling Of Imitation Substances That Appear To Be Controlled Substances"	1974	1999
"imitcontsub"	"Regulating Imitation Prescription Drugs"	1962	1999
"immigration_english_languag"	"Is English The State'S Official Language?"	1970	2014
"immigration_instate_tuition_ill"	"Does The State Allow In-State Tuition For Illegal Immigrants?"	2001	2014
"inctax"	"State Income Tax"	1916	1937
"indgaming"	"State allows Tribal Gaming"	1990	1995
"indlimit"	"Individual Limit On Campaigns"	1992	2000
"indorgris"	"State Law Requiring Notification to Individuals/Organizations at Risk (Sex Offender Policy)"	1994	1997
"infanthear"	"Newborn Hearing Screening"	1990	2008
"infconsent"	"Requires Informed Consent Procedure"	1973	2013
"infertility"	"Requirement That Insurance Provide Fertility Services"	1987	2002
"informationpracticescode"	"Provides A Uniform Statutory Approach To Privacy And Freedom Of Information. "	1988	1988
"initiative"	"State Adoption Of The Initiative"	1898	1918
"insandefref"	"Reforms The Process Defendants Use To Claim Insanity, Including The Standard Or Burden Of Proof"	1975	1998
"insanity"	"Making Insanity Plea More Difficult"	1975	1998
"insanitydefenseandpost_trialdisposition"	"Provides Cognitive Test For Determining Insanity"	1985	1985
"insprivate"	"Ban On Insurance Coverage By Private Insurance"	1978	2013
"inspublic"	"Ban On Insurance Coverage By Public Insurance"	1978	2011
"inst_tu_und"	"Instate Tuition For Undocumented Immigrants"	2001	2009
"inst_tu_vet"	"Instate Tuition For Veterans"	2006	2009
"insurableinterestamendmenttotheuniformtrustcode"	"Address Pruchase Of Life Insurance Trusts"	2011	2014
"inswaiver"	"Requires Waivers For Abortion Coverage"	1978	2013
"ins_stateexch"	"Bans Abortion Coverage In State Exchanges"	2011	2013
"intbar"	"Integrated Bar"	1921	1956
"interpleadercompact"	"Allows States To Acquire Jurisdictio Over Claimaints To Property Located Within Compact States"	1954	1978
"interreg"	"Internet Registry Of Sex Offenders"	1997	2004
"interstatecompactforadultoffendersupervision"	"Provides Mutual Military Aid Between States In An Emergency"	1951	2008
"interstatecompactforjuveniles"	"Regulates Movement And Supervision Of Offenders Under Community Supervision"	1955	1986
"interstatecompactonadoptionandmedicalassistance"	"Assures Continued Provision Of All Benefits Of An Adoption Subsidy Agreement, Regardless Of State Of Residence Of The Child"	1984	1991
"interstatecompactoneducationalopportunityformilitarychildren"	"Helps Military Children Transfer Academic Credits Between Institutions"	2008	2014
"interstatecompactonindustrialized/modularbuildings"	"Creates Commission To Create Uniform Rules And Regulations Governing The Design And Construction Of Industrialized/Modular Buildings"	1990	2011
"interstatecompactonlicensureofparticipantsinhorseracingwithpari_mutuelwagering"	"Establishes Uniform Requirements For Licensing Of Participants In Live Racing With Pari-Mutuel Wagering"	2000	2007
"interstatecompactonmentallydisorderedoffenders"	"Commitment For Better Treatment And Care For Mentally Disordered Offenders"	1967	1980
"interstatecompacttoconserveoilandgas"	"Compact On Reducing Wast Of Oil And Gas"	1935	1982
"interstatecorrectionscompact"	"Compact On Improving Management And Treatment In Corrections System"	1959	1994
"interstatedepositionsanddiscoveryact"	"Provides Simple Procedures For Courts In One State To Issue Subpoenas For Out-Of-State Depositions"	2008	2016
"interstateenforcementofdomesticviolenceprotectionordersact"	"Gives Law Enforcement And The Courts A Means Of Either Warning Off Victimizers By Weight Of The Law Or By Getting Them Into Custody Before Actual Harm Occurs."	2001	2016
"interstatefamilysupportact19921996"	"Regulates Interstate Child Support"	1993	1999
"interstatefamilysupportact2001"	"Regulates Interstate Child Support"	2002	2007
"interstatefamilysupportactamendments2008"	"Regulates Interstate Child Support"	2009	2016
"interstatehighspeedrailnetworkcompact"	"Compact For Administering High Speed Rail Commuter Network"	1980	1991
"interstateinsuranceproductregulationcompact"	"Compact Regulating Insurance Policies"	2003	2014
"interstatelibrarycompact"	"Agreement For Using Libraries On An Interstate Basis"	1957	1976
"interstatemedicallicensurecompact"	"Agreement For Licensing Of Physicians Across State Lines"	2015	2016
"interstateminingcompact"	"Agreement For Cross State Regulation Of Mining And Conservation"	1966	1991
"interstaterailpassengernetworkcompact"	"Agreement To Coordinate A Rail Passanger Network"	1979	1993
"intestacywillsanddonativetransfersact"	"Provides Instruction On Transfer Of Property At Death"	1991	1995
"jucoen"	"Junior College - Enabling Leg."	1907	1962
"juvct"	"Establishment of Juvenile Courts"	1899	1959
"juvisup"	"Juveniles Supervision Compact"	1951	1966
"kegreg"	"Beer Keg Registration Requirement"	1978	1999
"keg_reg"	"Required Registration Of Beer Keg Purchases"	1980	2008
"kidhelmet"	"Mandatory Bycicle Helmets for Minors "	1992	2007
"kinship"	"Kinship Care Program"	1998	2006
"laborag"	"Labor Agency"	1869	1959
"labor_age_discriminatio"	"Does The State Ban Age Discrimination?"	1935	1999
"labor_collective_bargaining_sta"	"Does The State Have Collective Bargaining Rights For State Government Employees?"	1966	1996
"labor_collective_bargaining_tea"	"Does The State Have Collective Bargaining Rights For Local Teachers?"	1960	1996
"labor_minimumwage_me"	"Does The State Have A Minimum Wage For Men?"	1944	1968
"labor_minwage_abovefe"	"Is The State'S Minimum Wage Above The Federal Level?"	1968	2012
"labor_prevailing_wage_la"	"Does The State Have Prevailing Wage Laws?"	1891	1973
"labor_relations_tafthar"	"Does The State Have A Labor Relations Act Patterned After Taft-Hartley?"	1937	1966
"labor_relations_wagne"	"Does The State Have A Labor Relations Act Patterned After Wagner Act?"	1937	1966
"labor_right_to_wor"	"Does The State Have Right To Work Legislation?"	1944	2014
"labor_state_ada_accomodat"	"Does The State Have Reasonable Accommodation Laws For Disabled People?"	1965	1990
"labor_state_ada_antidiscri"	"Does The State Ban Discrimination Against Disabled People?"	1965	1990
"labor_state_disability_insuranc"	"Does The State Have A Temporary Disability Insurance Program?"	1945	2014
"labor_state_retirement_syste"	"Does The State Have A Pension System?"	1935	1960
"landsalespractices"	"Regulation On Promitional Sale Of Land"	1967	1973
"lawonnotarialactsrevised"	" Provide A Consistent Framework For Notarial Acts "	2011	2017
"legpre"	"Legislative Pre-Planning Agency"	1933	1972
"legresea"	"Legislative Research Agency"	1901	1972
"lemon"	"Lemon Laws"	1982	1984
"libext"	"Library Extension System"	1890	1949
"licenseplate"	"Allow Pro-Life Plates"	2000	2013
"licenses_accountant"	"State License Required For Accountants"	1896	1951
"license_plates"	"Allow Pro-Choice Plates"	2003	2010
"lien"	"Lien Statutes"	1995	1999
"limitedcooperativeassociationact2007lastamended2013"	"Addresses The Cooperative Form Of Business."	2008	2012
"limitedliabilitycompany19951996"	"Permits The Formation Of Limited Liability Companies, "	1997	1999
"limitedliabilitycompany2006lastamended2013"	"Permits The Formation Of Limited Liability Companies, "	2008	2017
"limitedpartnership1976"	"Permits The Formation Of Limited Liability Companies, "	1979	1998
"limitedpartnershipact1916"	"Regulates Business Partnerships In The Us"	1968	1973
"limitedpartnershipact2001lastamended2013"	"Regulates Business Partnerships In The Us"	2003	2017
"livingwill"	"Living Wills"	1976	1986
"lott"	"Lottery"	1964	1993
"mailreg"	"Malpractice Reforms"	1972	1995
"manaccess"	"Mandatory Access To Paper Registry Of Sex Offenders"	1993	2000
"managementofinstitutionalfundsact"	"Provides Guidance On Investment Decisions And Endowment Expenditures"	1973	1998
"managementofpublicemployeeretirementsystemsact"	"Provide Legal Rules That Permit Public Employee Retirement Systems To Invest Their Funds In The Most Productive And Secure Manner."	2005	2005
"manclin"	"Mandated Coverage of Clinical Trials"	1994	2008
"mandatorydispositionofdetainers"	"Establishing Rules For The Prompt Disposition Of Detainers"	1959	1980
"mandnot"	"Mandatory Notification About Sex Offenders"	1995	2006
"maritalpropertyact"	"Allows The Family To Be Viewed As Single Economic Unit"	1984	1984
"marriageanddivorceactmodel"	" It Minimizes The Number Of Prohibited Marriages, And Includes The Concept Of No-Fault Divorce."	1973	1978
"medianot"	"Media Notification About Sex Offenders"	1995	2003
"mediationact"	"Establishes A Privilege Of Confidentiality For Mediators And Participants."	2003	2013
"medicaid_stateadoptio"	"Does The State Have A Medicaid Program?"	1966	1983
"medicalrest"	"Restrictions On Medical Abortions"	2001	2013
"medmar"	"Symbolic Medical Marijuana Policy"	1978	2008
"meganslaw"	"Requires Information Be Made Public Regarding Registered Sex Offenders"	1990	1999
"mendeapen"	"States Amend Death Penalty To Prohibit Execution Of Mentally Handicapped"	1988	2001
"merit"	"Merit System"	1883	1953
"meritaid"	"Merit Based Aid Program"	1993	2005
"meritstateadmin"	"Merit System For States (Post 1993)"	1993	2002
"methpre"	"Restrictions on OTC Medications with Methamphetamine Precursors"	1996	2005
"middleatlanticforestfireprotectioncompact"	"Promote Cooperation Fighting Forest Fires In The Region"	1953	1988
"midwesternhighereducationcompact"	"Agreement To Facilitate Education For Residents Of The Region"	1990	2008
"midwestinterstatelow_levelradioactivewastecompact"	"Provides For System For Disposing Low-Level Radioactive Waste"	1983	1984
"midwestinterstatepassengerrailcompact"	"Agreement Between States For Management Of Passenger Rail System"	2000	2002
"miglab"	"Migratory Labor Committee"	1943	1960
"militaryandoverseasvotersact"	"Simplifies Absentee Voting For Military And Civilians Abroad"	2011	2015
"minfine"	"Minimum Fine For First Dui"	1980	2001
"minorstudentcapacitytoborrowact1969"	"Provides That A Student Loan Is Enforceable Against Debtor"	1970	1973
"minwage"	"Minimum Wage Law"	1915	1965
"missplan"	"Missouri Plan"	1940	1976
"mlda21"	"Minimum Legal Drinking Age 21"	1933	1988
"mntlhlth"	"Mental Health Standards Committee"	1955	1987
"modelmandatorydispositionofdetainersact"	"Establishing Rules For The Prompt Disposition Of Detainers"	1968	1975
"modelrealestatetime_shareact"	"Covers Creation, Management, And Termination Of Time Shares"	1983	1988
"modelstateadministrativeprocedureact1981"	"Provides Procedures For Promulgating Administrative Regulations"	1968	1986
"moneyservicesact"	"Provides A Framework For Dealing With Money Laundering Issues Unique To No Depository Providers Of Financial Services"	2001	2016
"mothersaid"	"Mothers' Aid Cash Assistance Program"	1911	1931
"mothpen"	"Mothers Pensions"	1911	1931
"motorhelm"	"Motorcycle Helmet Requirement"	1967	1985
"motorvoter"	"Voter Registration with Driver License Renewal"	1976	1995
"mprisdm"	"Mandates Prison Time For First Dui"	1982	2003
"msas"	"Medical Savings Accounts"	1993	1997
"multiple_personaccounts"	"Encourages Banks And Credit Unions To Offer Pod (Pay On Death) And Agency (Convenience) Account Forms For Use By Persons Desiring Some, But Not All, Incidents Of Joint Accounts."	1993	2010
"multistatehighwaytransportationagreement"	"Agreement For Establishing Vehicle Size And Loads Across States"	1975	1997
"multistatelotteryagreement"	"Establishes Multistate Lottery"	1988	2009
"multistatetaxcompact"	"Creates System For Taxing Multistate Taxpayers"	1967	2014
"naticurric"	"Teaching Of Native American History Made Mandatory Or Optional"	1999	2007
"nationalcrimepreventionandprivacycompact"	"Organizes Electronic Information Sharing System Among Federal Government And The States To Exchange Criminal Records"	1999	2013
"nationalguardmutualassistancecompact"	"Agreement For Coordinating State National Guards For Assistance"	1968	1993
"nationalguardmutualassistancecounter_drugactivitiescompact"	"Agreement To Coordinate State National Guards For Counter-Drug Activities"	1993	1998
"nationalpopularvoteinterstatecompact"	"Agreement To Award All Electoral College Votes To Winner Of National Popular Vote"	2007	2014
"natreso"	"Strategic Planning for Natural Resources"	1975	1991
"neartotalban"	"Near Total Abortio Ban"	1991	1991
"neighnot"	"Neighbor Notification About Sex Offenders"	1995	2006
"netmeter"	"Billing Credit For Renewable Energy Users Who Add Electricity To The Grid"	1983	2006
"netmeter_yearadopted"	"Implement Onsite Renewable Energy Generation"	1990	2008
"newbornheartscreen"	"Coverage For Newborn Screening For Critical Congenital Heart Disease"	2011	2013
"newenglandcorrectionscompact"	"Agreement To Improve Corrections Facilities"	1958	1973
"newenglandhighereducationcompact"	"Agreemtn To Facilitate Education For Residents In The Region"	1954	1980
"newenglandinterstatewaterpollutioncontrolcompact"	"Agreement To Coordinate Water Polution Management"	1947	1955
"newenglandpolicecompact"	"Provide Close And Effective Cooperation In Detecting And Apprehending Criminal Activity"	1965	1969
"newenglandradiologicalhealthprotectioncompact"	"Agreement To Promote Radiological Health Protection Of The Public"	1967	1969
"nonprobatetransfersondeathact"	"Allows Owner To Designate Beneficiary To Automatically Receive Property At Death"	1990	2010
"nonresidentviolatorcompact"	"Agreement For Equal Treatment Of Nonresidents In Traffic Violations"	1965	1993
"norealid"	"State Policy to Refuse to Comply with 2005 Federal Real ID Act"	2007	2009
"northeasterninterstateforestfireprotectioncompact"	"Regional Coordination To Fight Forest Fires"	1949	1996
"northwestcompactonlow_levelradioactivewastemanagement"	"Regional Compact For Disposal Of Low Level Radioactive Waste"	1981	1992
"notarialacts1982"	"Simplifies Rules For Notarization"	1983	2008
"nrmlsch"	"Normal Schools"	1839	1910
"nrslic"	"Nurses Licensing"	1903	1970
"nurselicensurecompact"	"Interstate Coordination On Nurse Licensing"	1998	2004
"offwmh"	"Special Agent/Office for Women Health "	1993	2009
"ohiorivervalleywatersanitationcompact"	"Maintains Ohio River Basin Waters"	1939	1948
"oldagea"	"Old Age Assistance (Social Security)"	1936	1938
"opencont"	"Prohibits Open Alcoholic Containers In Vehicles"	1980	2006
"optinnot"	"Opt-In Notification About Sex Offenders"	1996	2006
"pacificmarinefisheriescompact"	"Establishes Commission To Promote Conservation Of Pacific Coast Fisheries"	1947	1976
"painmanagement"	"State Pain Management Program"	1989	2001
"paperterror"	"Regulates Paper Terrorism- Term Referring To Using Legal Documents Without Factual Basis To Harass, Particularly Against Government Officials"	1995	1999
"parconsent"	"Requires Parental Consent"	1974	2006
"parcounsel"	"Requires Counseling For Minors Seeking Abortions"	1978	1978
"parentageact"	" Law Of Determination Of Parentage, Paternity Actions And Child Support."	2001	2015
"parentageact1973"	" Law Of Determination Of Parentage, Paternity Actions And Child Support."	1975	1989
"parksys"	"Park System"	1885	1978
"parnotific"	"Requires Parental Notificatio For Abortions"	1973	2010
"parolesup"	"Parolees/Probationers Supervision"	1931	1985
"partitionofheirspropertyact"	"Helps Preserve Family Wealth Passed To The Next Generation In The Form Of Real Property."	2011	2017
"partnershipact1914"	"Helps Make Regulation Of Business Partnerships Uniform Between States"	1969	1993
"partnershipact1997lastamended2013"	"Helps Make Regulation Of Business Partnerships Uniform Between States"	1993	2017
"pbf"	"Performance Based Funding"	1979	2008
"pdrugmon"	"Prescription Drug Monitoring"	1940	1999
"perforfun"	"States Adopting Performance Based Funding For Higher Education"	1979	2001
"periodicpaymentofjudgmentsact"	"Pays Damage Awards Over Periods Of Time"	1986	1986
"personaltaxeff_yearadopted"	"Residential Tax Credits For Efficiency"	1990	2008
"personaltax_yearadopted"	"Residential Tax Credits For Renewable Energy Systems"	1990	2008
"pestcomp"	"Interstate Pest Control Compact"	1968	2009
"pharmlic"	"Pharmacists Licensing"	1874	1955
"physicaltherapylicensurecompact"	"Facilitating Interstate Licensing Of Physical Therapists"	2016	2016
"physreq"	"Require A Licensed Physician For Abortion"	1973	2002
"plannedcommunityact"	"Comprehensive Provisions For Creating, Managing, And Terminating Planned Community Developments."	1997	1997
"pldvpag"	"Planning/Development Agency"	1935	1978
"postdna"	"Post-Conviction DNA Motions"	1997	2005
"postvia"	"Ban On Post-Viability Abortion"	1973	2002
"post_convictionprocedureactmodel"	"Allows For Convicted To Petition For Relief If Rights Violated"	1970	1970
"potomacvalleycompact"	"Preserves Water Quality Of Potomac River Basin"	1939	1961
"powerofattorney"	"Provides For Power Of Attorney "	2007	2017
"powersofappointment"	"Regulate Power Of Appointment For Estate Planning"	2014	2017
"pre20wk"	"Pre-20 Week Abortion Ban"	1997	2000
"preconvictdays"	"Length License Suspension For First Dui, Pre-Conviction"	1980	2004
"premaritalagreementact"	"Allows For Agreement Between Spouses Made Before Marriage To Be Effective Upon Marriage"	1985	2007
"premaritalandmaritalagreementsact"	"Standardizes Martial And Pre-Martial Agreements"	2013	2013
"prepaid"	"State Sponsored Prepaid Tuition Plans"	1986	2000
"prepaytut"	"State Adoption Of Prepaid Tuition"	1986	1999
"prescdrug"	"Requirement For Pharmaceuticals To Provide State With Prescription Drug Information"	1961	2006
"preventionofandremediesforhumantrafficking"	"Laws Aiming To Prevent Human Trafficking"	2014	2015
"primaryenforce_all"	"Police May Pull Over Drivers For Driving Without Seatbelt"	1985	2010
"primaryenforce_minor"	"Police May Pull Over Drivers For Minors Riding Without Seatbelt"	1986	2007
"primseat"	"Primary Seat Belt Laws"	1984	2004
"principalandincomeact1962"	"Provide Procedures For Trustees Administering Trusts And Personal Representatives Administering Estates In Allocating Assets To Principal And Income,"	1968	1992
"principalandincomeact2000"	"Provide Procedures For Trustees Administering Trusts And Personal Representatives Administering Estates In Allocating Assets To Principal And Income,"	1997	2012
"principalandincomeamendments2008"	"Provide Procedures For Trustees Administering Trusts And Personal Representatives Administering Estates In Allocating Assets To Principal And Income,"	2009	2017
"prisondayswag"	"Mandatory Days Spent In Prison For First Dui"	1980	2003
"prkagcit"	"Parking Agency - Enabling Act for Cities"	1919	1970
"prob"	"Probation Law"	1878	2005
"probatecode"	"Governs Inheritance And Decedents' Estates"	1971	2010
"probatecodeamendments2008"	"Governs Inheritance And Decedents' Estates"	2009	2011
"protectionofcharitableassetsactmodel"	"Articulate And Confirm The Role Of The State Attorney General In Protecting Charitable Assets."	2014	2014
"prudentinvestoract"	"Reflects A ""Modern Portfolio Theory"" And ""Total Return"" Approach To The Exercise Of Fiduciary Investment Discretion"	1991	2006
"prudentmanagementofinstitutionalfundsact"	"Requires Prudent And Diverse Investments Of State Funds"	2007	2012
"pubaccess"	"Public Access To Sex Offender Registration"	1993	2000
"pubbenefits_yearadopted"	"Collect Public Benefit Fund"	1996	2005
"pubbrefeed"	"Allowance of Breastfeeding in Public"	1993	2008
"pubcamfun"	"Public Campaign Funding"	1973	1987
"pubemployees"	"Ban On Public Employess Conducting Abortions"	1990	2005
"pubfacilities"	"Ban On Using Public Facilities For Abortions"	1981	2009
"pubhouen"	"Public Housing - Enabling"	1933	1950
"race_boehmke_fhpu"	"Does The State Ban Discrimination In Public Housing?"	1937	1964
"race_boehmke_fhur"	"Does The State Have Urban Renewal Areas?"	1945	1964
"race_disc_publicaccom_agenc"	"Does The State Have An Agency To Prosecute Cases On Public Accommodation? "	1935	1963
"race_fair_employmen"	"Does The State Have Fair Employment Laws"	1965	2014
"race_fair_housing_law"	"Does The State Have Fair Housing Laws?"	1959	1968
"race_fair_housing_owne"	"Does The State"	1959	1968
"racialpro"	"Racial Profiling Regulation"	1999	2004
"rackact"	"Taking Steps To Address Racial Profiling By Police"	1977	1995
"rapeshield"	"Protection Of Victims Of Sex Crimes During Criminal Proceedings"	1973	1998
"realest"	"Real Estate Brokers Licensing"	1917	1964
"realestatecooperative"	"Provides Comprehensive Legislation Governing The Critical Phases Of Cooperative Development: Creation, Financing, Management, And Termination."	1982	1982
"realpropertyelectronicrecordingact"	"Give County Clerks And Recorders The Legal Authority To Prepare For Electronic Recording Of Real Property Instruments."	2005	2016
"realpropertytransferondeathact"	"Allows For Designated Beneficiary To Automatically Receive  Property Transfer At Owner'S Death"	2011	2015
"reciprocalenforcementofsupportact1950"	"Facilitates Interstate Cooperation On Collecting Child Support"	1968	1990
"recipsup"	"Reciprocal Support Law"	1934	1959
"recognitionandenforcementofcanadiandomestic_violenceprotectionorders"	"Enforces Canadian Domestic Violence Orders"	2016	2017
"recognitionofsubstitutedecision_makingdocuments"	"Allows Substituting Documents Created In Other Jurisdictions"	2015	2016
"refuseserv"	"Physicians Can Refuse To Do An Abortion"	1976	2004
"registeredagentsactmodel2006lastamended2011"	"Provides States With One Registration Procedure For Registered Agents"	2007	2012
"regreq"	"Establishes Definitions Of Racketeering Activity To Help Prosecute Organized Crime And Criminal Activity"	1983	1996
"regulations_lemonla"	"Did The State Pass A Law Protecting Consumers Who Purchase Automobiles Which Fail After Repeated Repairs?"	1970	2014
"regulations_state_debt_limitati"	"Does The State Constitution Restrict State Debt Issuance?"	1842	1976
"regulation_bicycle_helmet"	"Does The State Require That People Use Helmets While On Bicycles?"	1985	2014
"regulation_boehmke_cogrowma"	"Does A State Have A Law Authorizing Or Requiring Growth-Management Planning?"	1961	2007
"regulation_boehmke_grandvis"	"Does The State Have A Law Guaranteeing Grandparents' Visitation Rights?"	1964	1987
"regulation_boehmke_livingwil"	"Does The State Have A Law Permitting Individuals Control Over The Use Of Heroic Medical Treatment In The Event Of A Terminal Illness?"	1976	1992
"regulation_boehmke_shiel"	"Does The State Have A Shield Law Protecting Them From Revealing Their Sources?"	1935	2013
"regulation_forced_sterlization"	"Does The State Have A Forced Sterilization Program?"	1945	1974
"regulation_hate_crime"	"Are Hate Crimes Explicitly Illegal In The State?"	1981	2014
"regulation_homerul"	"Enables Cities To Adopt A Home Rule Charter That Acts As The City'S Basic Governing Document Over Local Issues."	1875	1960
"regulation_housing_directstatea"	"Does The State Provide Direct Aid For Urban Housing?"	1939	1951
"regulation_mandatory_car_insura"	"Does The State Require Drivers To Obtain Car Insurance?"	1945	1986
"regulation_mandatory_seatbelt"	"Does The State Require The Usage Of Seat Belts (Either Primary Or Secondary Enforcement)?"	1984	2014
"regulation_motorcycle_helmet"	"Does The State Require The Usage Of Helmets By People On Motorcycles?"	1967	2014
"regulation_pain_suffering_limit"	"Are There Limits On Damages For Pain And Suffering In Lawsuits?"	1975	2012
"regulation_physician_suicid"	"Does The State Allow Physician-Assisted Suicide?"	1998	2014
"regulation_rent_contro"	" Does State Prohibit The Passage Of Rent Control Laws In Its Cities Or Municipalities?"	1950	2014
"regulation_rfr"	"Did The State Pass The Religious Freedom Restoration Act?"	1993	2014
"regulation_sedition_law"	"Does The State Have Anti-Sedition Laws?"	1935	1955
"regulation_utility_jurisdictio"	"State Commission With Rate-Setting Authority Over Electricity Utilities"	1887	1956
"renewenergy"	"Setting Renewable Energy Standards"	1983	2014
"renewport"	"State Renewable Portfolio Standards"	1991	2004
"repsodomy"	"Repeal Sodomy Law"	1962	2003
"requireanyid2"	"Require Any Id"	1972	2013
"residentiallandlordandtenantact1972"	"Codify Best Practices In Leasing Housing"	1972	2006
"residentialmortgagesatisfactionact"	"Regulating Mortgage Holder Rights"	2005	2014
"restaurantbanstate"	"Smoking Ban In All Restaurants In State"	1980	2010
"restruct"	"Restructuring Electricity System"	1996	2001
"retailtheft"	"Retail Theft Law"	1973	2000
"retainag"	"Retainers Agreement"	1957	1965
"retstate"	"Retirement System for State Employees"	1911	2005
"revenue"	"Strategic Planning for Revenue"	1981	1991
"reviseduniformunclaimedpropertyact"	"Includes Gift Cards And Other Technological Property In Previous Unclaimed Property Law"	2017	2017
"rico"	"Combats Organized Crime"	1972	1995
"right2work"	"Protects Employees from Termination for Not Joining Unions/Paying Dues "	1911	2001
"rightdie"	"Right to Die"	1976	1988
"rightsoftheterminallyillact1985"	"Right To Die With Dignity Legislation"	1985	1992
"roadshwy"	"Aid for Roads and Highways"	1891	1957
"roeovertur"	"If Roe Overturned, Abortion Immediately Illegal"	1974	2005
"rps_yearadopted"	"Renewable Portfolio Standard"	1997	2008
"rulesofevidence1974"	" Simplify And Codify The Rules Pertaining To What May Be Introduced In Evidence In Any Civil Or Criminal Trial In A Court Of Law."	1975	1980
"r_d_tax_credit"	"State Credits For Research And Development"	1982	2007
"sals"	"Seasonal Agricultural Labor Standards"	1945	1965
"salvia"	"Regulation Of Salvi Divinorum "	2005	2008
"savingplan"	"College Tuition Saving Plans"	1988	1999
"schoolchoi"	"School Choice"	1987	1992
"sdce"	"Dependent Coverage Expansion Insurance for Young Adults"	1994	2008
"securitiesact"	"Regulates Offer And Sale Of Securities"	2003	2016
"securitiesact1956"	"Regulates Offer And Sale Of Securities"	1968	1987
"securitiesact1988"	"Regulates Offer And Sale Of Securities"	1988	1990
"segoss"	"Provisions by the States Maintaining Segregated Educational Systems for Out-Of-State Study by African-Americans"	1927	1943
"sexreginfo"	"Access to Sex Offender Registries"	1991	1997
"sexselect"	"Prohibits Abortion On Sex-Discrimination"	1975	2014
"shield"	"Protections Against Compelling Reporters to Disclose Sources in Court"	1935	2009
"shoplift"	"Larger Penalties For Shoplifting"	1965	2000
"simultaneousdeathact"	"Regulates Passage Of Assets If Multiple People Die Within Short Period"	1992	2010
"simultaneousdeathact1940"	"Regulates Passage Of Assets If Multiple People Die Within Short Period"	1985	1985
"slains"	"Slaughterhouse Inspection"	1894	1969
"smokeban"	"Statewide Smoking Ban"	1995	2009
"snrpresc"	"Senior Prescription Drugs"	1975	2001
"soexorder"	"Sexual Orientation Descrimination Executive Order"	1975	2010
"soil"	"Soil Conservation Districts"	1937	1974
"solaw"	"Sexual Orientation Discrimination Law"	1981	2009
"sonofsam"	"Keeps Criminals From Profiting From Publicity Of Crimes"	1974	1997
"sonsam"	"Prohibition Of Convicts Profiting From Telling Their Story; Establishes Trust So Such Profits Can Go To Victims"	1974	1997
"southeasternforestfireprotectioncompact"	"Regional Agreement For Fighting And Preventing Forest Fires"	1953	1956
"southeastinterstatelow_levelradioactivewastecompact"	"Regional Agreement For The Disposal Of Low-Level Radioactive Waste"	1982	1988
"southerndairycompact"	"Regional Management And Development Of Dairy Industry"	1997	2001
"southerngrowthpoliciescompact"	"Provide Improved Facilities And Procedures For Study, Analysis And Planning Ofgovernmental Policies"	1953	1989
"southernregionaleducationcompact"	"Joint Development Of Educational Resources"	1948	1998
"southwesternlow_levelradioactivewastedisposalcompact"	"Agreement For The Disposal Of Low-Level Radioactive Wast"	1984	1989
"sprinsch"	"Superintendent of Public Instruction"	1813	1966
"stalkdef"	"Stalking Definition and Penalty"	1998	2001
"stalking"	"Does The State Have Anti-Stalking Legislation"	1990	1998
"standground"	"Post-2005 Expansion Of Stand Your Ground Laws"	1994	2011
"stateptr"	"Establishment of State Patrol/Highway Police"	1903	1953
"statrapage"	"Age Span Provisions for Statutory Rape "	1950	1998
"statrape"	"Statutory Rape Age Law"	1971	1998
"statusofchildrenofassistedconceptionact"	"Protects Children Born Through Assisted Conception"	1989	1989
"statusofconvictedpersonsact1964"	"Defines Rights Of Convicted People"	1968	1994
"statutoryformpowerofattorneyact"	"Regulates Power Of Attorney "	1991	2006
"statutoryruleagainstperpetuities"	"Regulated Duration Of Ownership Of Property"	1987	2011
"statutorytrustentityact"	"Governs The Use Of Statutory Trusts As A Mode Of Business Organization. "	2011	2012
"statutorywillact1984"	"Helps Simplify Wills"	1991	1991
"stplnb"	"State Planning Board"	1933	1959
"strikes"	"Felony Sentencing Guidelines for Three Strikes"	1993	1995
"st_wd_tran"	"Statewide Transfer Agreement (Higher Ed)"	1976	2008
"sundayban"	"Banning Alcohol Sales On Sundays"	1998	1999
"supp_research"	"Encourages Research On Ru486"	1991	2004
"surpluslinesinsurancemulti_statecompliancecompact"	"Eliminates Duplicative And Inconsistent Tax And Regulatory Requirements Among The States"	2011	2011
"syringe"	"Laws Establishing State Exchanges For Used Needles"	1987	2004
"taxcom"	"Tax Commission"	1864	1959
"teacelm"	"Teacher Certification - Elementary"	1930	1957
"teacsec"	"Teacher Certification - Secondary"	1896	1956
"telgrareg"	"First Piece Of Legislation Regulating Telegraphs"	1845	1860
"tels"	"Tax and Expenditure Limits"	1976	1994
"termlim"	"Legislative Term Limits"	1990	2000
"terrorfund"	"Laws Against Money Laundering Or Funding Terrorist Organizations"	1998	2003
"testamentaryadditionstotrustsact"	"Modernizes Trust And Estate Law "	1968	2010
"threestrikes"	"Increase In Sentencing After More Than Two Felonies"	1993	1996
"timelim"	"Time Limits on Welfare Benefits"	1993	1996
"todsecurityregistrationact"	"Provides Non-Probate Transfer Of Specifically Registered Investment Securities From Owner To Named Beneficiaries At Owner'S Death."	1990	2010
"tradesecretsact"	"Codify The Common Law With Proper Clarification Of Rights And Remedies In Relation To A Trade Secret"	1980	2013
"transboundarypollutionreciprocalaccessact"	"Overcomes Procedural Obstacles That Prevent A Pollution Victim In One State Or Province From Seeking Enforceable Remedies In The State Or Province Where The Pollution Originated."	1983	1992
"transferstominorsact"	"Allows A Minor To Receive Gifts, Such As Money, Patents, Royalties, Real Estate And Fine Art, Without The Aid Of A Guardian Or Trustee."	1984	2015
"transport"	"Strategic Planning for Transportation"	1974	1991
"trap"	"Targeted Regulation Of Abortion Providers (Trap) Laws"	1978	2005
"trap_hosp"	"Requires Hospital Like Facilities Or Other Physical Plant Requirements"	1973	2013
"trap_lic"	"Requires Additional Licensure For Abortion Providers"	1973	2013
"trustcode"	" Provides A Comprehensive Model For Codifying The Law On Trusts."	2002	2016
"trustdecanting"	"Non Judicial Method For Modyfying Irrevocable Trust"	2016	2017
"trusteespowersact1964"	"Codifies Trust Laws"	1976	1985
"truthsent"	"State Passes Truth-In-Sentencing Law Before 1997"	1911	1996
"tu_decent"	"States Allowing For Less Central Control Over Tuition Setting"	1987	2006
"uccarticle1generalprovisions2001"	"Provides Definitions And General Provisions Which, In The Absence Of Conflicting Provisions,"	2001	2015
"uccarticle2aleases19871990"	" Provides States With A Legal Framework For Any Transaction, Regardless Of Form, That Creates A Lease."	1988	2002
"uccarticle3negotiableinstruments1990"	"Attempts To Standardize Negotiable Instruments In States"	1991	2008
"uccarticle3negotiableinstrumentsandarticle4bankdeposits2002"	"Attempts To Standardize Negotiable Instruments In States"	2003	2014
"uccarticle4aamendments2012"	"Amendments Provide That Article 4A Does Apply To A Remittance Transfer That Is Not An Electronic Funds Transfer Under The Federal Electronic Funds Transfer Act"	2012	2016
"uccarticle4afundstransfers1989"	"Includes Electronic Transfers In Regulation Of Fund Transfers"	1990	2001
"uccarticle5lettersofcredit1995"	"Regulates Payment System"	1996	2006
"uccarticle6bulksales1989"	"Regulates Payment System"	1990	2015
"uccarticle6repeal"	"Repeal Legislation Of Ucc Article 6 (Bulk Sales Law)"	1990	1990
"uccarticle6revise"	"Revise Ucc Article 6 (Bulk Sales Law)"	1990	1997
"uccarticle7documentsoftitle2003"	"Regulates Storage And Shipment Of Tangible Goods"	2004	2015
"uccarticle8investmentsecurities"	"Governs Transfer Of Investment Securities"	1987	1994
"uccarticle8investmentsecurities1994"	"Revises Commercial Codes, Specifically Transfers Of Securities"	1995	2002
"uccarticle9amendments"	"Regulating Secure Transactions In Personal Prperty"	1973	2003
"uccarticle9amendments2010"	"Provides The Rules Governing Any Transaction (Other Than A Finance Lease) That Couples A Debt With A Creditor's Interest In A Debtor's Personal Property"	2011	2015
"uccarticle9securedtransactions1998"	"Provides A Statutory Framework That Governs Secured Transactions--Transactions Which Involve The Granting Of Credit Secured By Personal Property."	1973	2012
"ultrasound"	"Requirements Surrounding Ultrasounds And Abortion"	1996	2012
"unclaimedpropertyact"	"Regulates Abandonment Of Property"	1995	2008
"unclaimedpropertyact19521981"	"Regulates Abandonment Of Property"	1968	1991
"undoctuit"	"Conditional Residency For Undocumented Immigrants"	2001	2006
"uniformunclaimedpropertyact"	"Provides System For Transferring Intagible Personal Property In Safety Deposit Accounts"	1967	2001
"unincorporatednonprofitassociationact19921996"	"Governs All Unincorporated Nonprofit Associations That Are Formed Or Operate In A State"	1993	2008
"unincorporatednonprofitassociationact2008lastamended2011"	"Governs All Unincorporated Nonprofit Associations That Are Formed Or Operate In A State"	2009	2015
"unionlimits"	"Limits On Union Campaigning"	1992	2000
"universalhealthcare"	"Universal Healthcare Bill"	1988	1994
"universalprek"	"Universal Pre-K Education"	1995	2008
"unsworndeclarationsact"	"Permit The Use Of Unsworn Declarations Made Under Penalty Of Perjury In State Courts"	2017	2017
"unswornforeigndeclarationsact2008"	"Permit, In State Court Proceedings, Unsworn Declarations Under Penalty Of Perjury To Be Executed By Witnesses Physically Located Outside The United States In Lieu Of Affidavits, Verifications, Or Other Sworn Court Filings."	2002	2017
"uppercoloradoriverbasincompact"	"Administeration Of Apportionment Of Upper Colorado River Basin"	1948	1949
"urbrenen"	"Urban Renewal - Enabling"	1941	1952
"utreg"	"Utility Regulation Commission"	1839	1977
"u_record_sys"	"State Establishment Of Postsecondary Student Record Data System"	1976	2009
"vendorandpurchaserriskact1935"	"Protect The Purchaser Of Real Estate Where There Is A Binding Contract Of Sale"	1937	1997
"veteransguardianshipact1942"	"Regulates Guardianship Of Incompetent Veterans, And Orphans Of Deceased Veterans"	1942	1957
"viatesting"	"Requires Testing To Ascertain Viability"	1984	1999
"viccomp"	"Victims Compensation"	1965	1988
"vicrtsamd"	"Victims Rights Constitutional Amendment "	1982	1999
"victimnotif"	"Requiring Victim Notification Of Developments In Case"	1979	2001
"victimnotification"	"State System For Notifying Victims Of Crime"	1979	2001
"victimrights"	"Additional Protection Of Victims"	1982	1998
"victimsofcrimeactmodel"	"Regulating Satisfaction Of Losses Suffered From Victims Of Crime"	1995	1995
"voidabletransactionsactamendments2014_formerlyfraudulenttransferact"	"Strengthens Creditor Protections"	2015	2017
"voterid"	"Year Of Any Voter Id - Either Request Or Require"	1950	2012
"vouchers"	"State Voucher Funding For Higher Ed"	2003	2003
"waiting"	"Require Waiting Period"	1973	2011
"welfagy"	"Welfare Agency"	1863	1975
"westerncorrectionscompact"	"Promise To Improve Corrections Institutions And Facilities "	1959	1980
"westerninterstateenergycompact"	"Aid In Energy Cooperation Among Western States"	1963	1977
"westernregionaleducationcompact"	"Aid In Facilitating Education For Residents Of Compact"	1951	2008
"wildlifeviolatorcompact"	"Provides A Means Through Which States Can Participate In A Rciprocal Program To Enforce Wildlife Citations"	1989	2014
"willsrecognitionact"	" International Convention Calling For All Countries And States To Adopt A Uniform Formality For Executing Wills."	1978	2010
"witnessint"	"Prevents Tampering With Or Intimidating Testimony "	1963	2004
"witnessintimidation"	"State Prevention Of Witness Intimidation"	1973	2001
"wk20via"	"Ban Abortions After 20 Weeks"	1973	2013
"wmd"	"Banning Possession Of A Wmd Or Hoax Wmd"	1999	2004
"workcom"	"Workmens Compensation"	1911	1948
"worksitebanstate"	"Smoking Ban In All Indoor Workplaces"	2003	2010
"writreq"	"Written Request Requirement For Sex Offender Registry"	1993	1998
"w_abortion_parental_notice_1983"	"Does The State Require Parental Notification Or Consent Prior To A Minor Obtaining An Abortion? (1=Notification; 2=Consent)"	1983	2014
"w_animal_cruelty_felon"	"Is There A Felony Charge For Animal Cruelty?"	1935	2014
"w_ec_access_expan"	"Has The State Expanded Access To Emergency Contraception?"	1974	2014
"w_educ_biblepubli"	"Does The State Permit The Ten Commandments To Be Displayed On Public Property?"	1935	2013
"w_educ_bibleschoo"	"Does The State Mandate Ten Commandments Be Posted In Public Institutions/Schools?"	1935	2013
"w_educ_mom_silentmandator"	"Is A Moment Of Silence Mandatory For Schools?"	1957	2014
"w_educ_mom_silentpermis"	"Is A Moment Of Silence Permitted For Schools?"	1957	2014
"w_environment_endangered_specie"	"Does The State Have An Endangered Species Act?"	1969	2014
"w_envir_solar_taxcredit_loca"	"Does The State Approve For A Local Tax Credit For Residential Solar Installations?"	1975	2014
"w_envir_solar_taxcredit_stat"	"Does The State Have A Tax Credit For Residential Solar Installations?"	1975	2014
"w_gayrights_employment_discrimi"	"Does The State Ban Employment Discrimination On The Basis Of Sexual Orientation?"	1982	2014
"w_gayrights_public_accomodation"	"Does The State Ban Discrimination In Public Accommodations On The Basis Of Sexual Orientation?"	1989	2014
"w_gayright_publi_accom_genderi"	"Does The State Ban Discrimination In Public Accommodations On The Basis Of Gender Id?"	1989	2014
"w_guncontrl_bc_dealer_handgu"	"Does The State Require Background Checks For Buying Handguns From Dealers?"	1935	1993
"w_guncontrl_bc_dealer_rifl"	"Does The State Require Background Checks For Buying Rifles From Dealers?"	1935	1993
"w_guncontrol_registration_requi"	"Does The State Have Registration Requirements For Rifles?"	1935	2014
"w_guncontrol_waitingperio"	"Does The  State Have A Waiting Period For All Gun Purchases?"	1935	2014
"w_race_disc_public_accommodatio"	"Does The State Ban Racial Discrimination In Public Accommodations?"	1865	1963
"zerotol"	"Zero Tolerance (<.02 BAC) for Underage Drinking"	1983	1998
"zerotoleranceapis"	"Law That Establishes Legal Bac Limit Of .02 For Underage Drivers"	1983	1998
"zerotolerancelaw"	"Law That Establishes Legal Bac For Underage Drivers Lower Than Adult Drivers"	1984	1999
